GR_SDPAs,Manikantan N V,Mani 
GR_SDPAs,Virupaksheswara R,Viru
GR_SDPAs,Madhusudana Rao,Madhu
GR_SDPAs,Jatindra K Dash,Jatin
GR_SDPAs,Ashok PK,Ashok
GR_SDPAs,Ajas Abdulsalam,Ajas
GR_SDPAs,Udaya K Rajanna,Udaya
GR_SDPAs,Noor Mohammed,Noor
GR_SDPAs,Murali Reddy,Murali
